{
    "_allocate_inputs": 4,
    "_allocate_outputs": 4,
    "cli_parameters": "analyze --target stm32l4 --name network -m C:/Users/joynu/STM32CubeIDE/workspace_1.15.1/Embedded_System_Final_Project/model_0530.h5 --compression none --verbosity 1 --allocate-inputs --allocate-outputs --workspace C:/Users/joynu/AppData/Local/Temp/mxAI_workspace1692555099414008874859619076625758 --output C:/Users/joynu/.stm32cubemx/network_output",
    "cli_version": {
        "extra": "19802",
        "major": 9,
        "micro": 0,
        "minor": 0
    },
    "cli_version_str": "9.0.0-19802",
    "code_size": 0,
    "compression": [],
    "date_time": "Thu May 30 17:24:48 2024",
    "error": 0,
    "error_str": [],
    "exec_cmd": "analyze",
    "exec_duration": 0.0,
    "hash": "0x8200dee7767081d168c0e6930d3af529",
    "inputs": [
        "input_0"
    ],
    "layers": [
        {
            "c_id": [
                0,
                1
            ],
            "extras": {
                "n_macc": 0,
                "n_params": 0,
                "psize": 0,
                "rom_output": {
                    "c_size": 312,
                    "fmt": {
                        "format": "float"
                    },
                    "shape": [
                        3,
                        26
                    ]
                },
                "rom_size": 640
            },
            "id": 0,
            "inputs": [],
            "name": "input_0",
            "original": null,
            "type": "Input"
        },
        {
            "c_id": [],
            "extras": {
                "n_macc": 3472,
                "n_params": 160,
                "psize": 640,
                "rom_output": {
                    "c_size": 1536,
                    "fmt": {
                        "format": "float"
                    },
                    "shape": [
                        16,
                        24
                    ]
                },
                "rom_size": 0
            },
            "id": 0,
            "inputs": [
                "input_0"
            ],
            "name": "conv1d_6_conv2d",
            "original": "Conv1D",
            "type": "Conv2D"
        },
        {
            "c_id": [],
            "extras": {
                "n_macc": 384,
                "n_params": 0,
                "psize": 0,
                "rom_output": {
                    "c_size": 1536,
                    "fmt": {
                        "format": "float"
                    },
                    "shape": [
                        16,
                        24
                    ]
                },
                "rom_size": 0
            },
            "id": 0,
            "inputs": [
                "conv1d_6_conv2d"
            ],
            "name": "conv1d_6",
            "original": "Conv1D",
            "type": "Nonlinearity"
        },
        {
            "c_id": [
                2,
                3
            ],
            "extras": {
                "n_macc": 8456,
                "n_params": 392,
                "psize": 1568,
                "rom_output": {
                    "c_size": 704,
                    "fmt": {
                        "format": "float"
                    },
                    "shape": [
                        8,
                        22
                    ]
                },
                "rom_size": 1568
            },
            "id": 1,
            "inputs": [
                "conv1d_6"
            ],
            "name": "conv1d_7_conv2d",
            "original": "Conv1D",
            "type": "Conv2D"
        },
        {
            "c_id": [],
            "extras": {
                "n_macc": 176,
                "n_params": 0,
                "psize": 0,
                "rom_output": {
                    "c_size": 704,
                    "fmt": {
                        "format": "float"
                    },
                    "shape": [
                        8,
                        22
                    ]
                },
                "rom_size": 0
            },
            "id": 1,
            "inputs": [
                "conv1d_7_conv2d"
            ],
            "name": "conv1d_7",
            "original": "Conv1D",
            "type": "Nonlinearity"
        },
        {
            "c_id": [],
            "extras": {
                "n_macc": 0,
                "n_params": 0,
                "psize": 0,
                "rom_size": 0
            },
            "id": 3,
            "inputs": [
                "conv1d_7"
            ],
            "name": "flatten_3",
            "original": "Flatten",
            "type": "Reshape"
        },
        {
            "c_id": [
                4,
                5
            ],
            "extras": {
                "n_macc": 11328,
                "n_params": 11328,
                "psize": 45312,
                "rom_output": {
                    "c_size": 256,
                    "fmt": {
                        "format": "float"
                    },
                    "shape": [
                        64
                    ]
                },
                "rom_size": 45312
            },
            "id": 4,
            "inputs": [
                "flatten_3"
            ],
            "name": "dense_6_dense",
            "original": "Dense",
            "type": "Dense"
        },
        {
            "c_id": [],
            "extras": {
                "n_macc": 64,
                "n_params": 0,
                "psize": 0,
                "rom_output": {
                    "c_size": 256,
                    "fmt": {
                        "format": "float"
                    },
                    "shape": [
                        64
                    ]
                },
                "rom_size": 0
            },
            "id": 4,
            "inputs": [
                "dense_6_dense"
            ],
            "name": "dense_6",
            "original": "Dense",
            "type": "Nonlinearity"
        },
        {
            "c_id": [
                6,
                7
            ],
            "extras": {
                "n_macc": 260,
                "n_params": 260,
                "psize": 1040,
                "rom_output": {
                    "c_size": 16,
                    "fmt": {
                        "format": "float"
                    },
                    "shape": [
                        4
                    ]
                },
                "rom_size": 1040
            },
            "id": 5,
            "inputs": [
                "dense_6"
            ],
            "name": "dense_7_dense",
            "original": "Dense",
            "type": "Dense"
        },
        {
            "c_id": [],
            "extras": {
                "n_macc": 60,
                "n_params": 0,
                "psize": 0,
                "rom_output": {
                    "c_size": 16,
                    "fmt": {
                        "format": "float"
                    },
                    "shape": [
                        4
                    ]
                },
                "rom_size": 0
            },
            "id": 5,
            "inputs": [
                "dense_7_dense"
            ],
            "name": "dense_7",
            "original": "Dense",
            "type": "Nonlinearity"
        }
    ],
    "model_files": [
        "C:\\Users\\joynu\\STM32CubeIDE\\workspace_1.15.1\\Embedded_System_Final_Project\\model_0530.h5"
    ],
    "model_n_params": 12140,
    "model_name": "model_0530",
    "model_size": 48560,
    "model_type": "keras",
    "name": "network",
    "outputs": [
        "dense_7"
    ],
    "ram_io_size": [
        0,
        0
    ],
    "ram_size": 1708,
    "report_version": 1.1,
    "rom_cfact": 1.0,
    "rom_heap_inspector": 2048,
    "rom_inputs": [
        {
            "c_size": 312,
            "c_type": "float",
            "name": "input_0"
        }
    ],
    "rom_n_macc": 24200,
    "rom_outputs": [
        {
            "c_size": 16,
            "c_type": "float",
            "name": "dense_7"
        }
    ],
    "rom_size": 48560,
    "strategy": "",
    "tools_api_version": "9.0.0-19802",
    "tools_version": "9.0.0-19802",
    "val_error": -1.0,
    "val_error_desc": "None (None) #-1",
    "val_metrics": []
}