{
  "buffers": [
    {
      "alignment": 4,
      "batch": 0,
      "channel_first": true,
      "channel_last": true,
      "epochs": {
        "end": 1,
        "start": 0
      },
      "flags": "STAI_FLAG_WEIGHTS|STAI_FLAG_CONST|STAI_FLAG_PREALLOCATED",
      "format": "STAI_FORMAT_FLOAT",
      "id": 105,
      "intq": {
        "axis": null,
        "offsets": [],
        "scales": []
      },
      "is_param": true,
      "mpool_id": 1,
      "name": "conv1d_1_conv2d_bias_array",
      "nbits": 32,
      "offset_start": 2176,
      "qmn": {},
      "shape": [
        8
      ],
      "shape_map": [
        "CH"
      ],
      "size_bytes": 32
    },
    {
      "alignment": 4,
      "batch": 0,
      "channel_first": false,
      "channel_last": true,
      "epochs": {
        "end": 10,
        "start": 7
      },
      "flags": "STAI_FLAG_ACTIVATIONS|STAI_FLAG_PREALLOCATED",
      "format": "STAI_FORMAT_FLOAT",
      "id": 84,
      "intq": {
        "axis": null,
        "offsets": [],
        "scales": []
      },
      "is_param": false,
      "mpool_id": 0,
      "name": "conv1d_1_conv2d_output_array",
      "nbits": 32,
      "offset_start": 0,
      "qmn": {},
      "shape": [
        22,
        8
      ],
      "shape_map": [
        "H",
        "CH"
      ],
      "size_bytes": 704
    },
    {
      "alignment": 4,
      "batch": 0,
      "channel_first": true,
      "channel_last": false,
      "epochs": {
        "end": 1,
        "start": 0
      },
      "flags": "STAI_FLAG_WEIGHTS|STAI_FLAG_CONST|STAI_FLAG_PREALLOCATED",
      "format": "STAI_FORMAT_FLOAT",
      "id": 102,
      "intq": {
        "axis": null,
        "offsets": [],
        "scales": []
      },
      "is_param": true,
      "mpool_id": 1,
      "name": "conv1d_1_conv2d_weights_array",
      "nbits": 32,
      "offset_start": 640,
      "qmn": {},
      "shape": [
        8,
        3,
        1,
        16
      ],
      "shape_map": [
        "CH",
        "H",
        "W",
        "CH_IN"
      ],
      "size_bytes": 1536
    },
    {
      "alignment": 4,
      "batch": 0,
      "channel_first": false,
      "channel_last": true,
      "epochs": {
        "end": 12,
        "start": 9
      },
      "flags": "STAI_FLAG_ACTIVATIONS|STAI_FLAG_PREALLOCATED",
      "format": "STAI_FORMAT_FLOAT",
      "id": 86,
      "intq": {
        "axis": null,
        "offsets": [],
        "scales": []
      },
      "is_param": false,
      "mpool_id": 0,
      "name": "conv1d_1_output_array",
      "nbits": 32,
      "offset_start": 704,
      "qmn": {},
      "shape": [
        22,
        8
      ],
      "shape_map": [
        "H",
        "CH"
      ],
      "size_bytes": 704
    },
    {
      "alignment": 4,
      "batch": 0,
      "channel_first": true,
      "channel_last": true,
      "epochs": {
        "end": 1,
        "start": 0
      },
      "flags": "STAI_FLAG_WEIGHTS|STAI_FLAG_CONST|STAI_FLAG_PREALLOCATED",
      "format": "STAI_FORMAT_FLOAT",
      "id": 99,
      "intq": {
        "axis": null,
        "offsets": [],
        "scales": []
      },
      "is_param": true,
      "mpool_id": 1,
      "name": "conv1d_conv2d_bias_array",
      "nbits": 32,
      "offset_start": 576,
      "qmn": {},
      "shape": [
        16
      ],
      "shape_map": [
        "CH"
      ],
      "size_bytes": 64
    },
    {
      "alignment": 4,
      "batch": 0,
      "channel_first": false,
      "channel_last": true,
      "epochs": {
        "end": 6,
        "start": 3
      },
      "flags": "STAI_FLAG_ACTIVATIONS|STAI_FLAG_PREALLOCATED",
      "format": "STAI_FORMAT_FLOAT",
      "id": 80,
      "intq": {
        "axis": null,
        "offsets": [],
        "scales": []
      },
      "is_param": false,
      "mpool_id": 0,
      "name": "conv1d_conv2d_output_array",
      "nbits": 32,
      "offset_start": 32,
      "qmn": {},
      "shape": [
        24,
        16
      ],
      "shape_map": [
        "H",
        "CH"
      ],
      "size_bytes": 1536
    },
    {
      "alignment": 4,
      "batch": 0,
      "channel_first": true,
      "channel_last": false,
      "epochs": {
        "end": 1,
        "start": 0
      },
      "flags": "STAI_FLAG_WEIGHTS|STAI_FLAG_CONST|STAI_FLAG_PREALLOCATED",
      "format": "STAI_FORMAT_FLOAT",
      "id": 96,
      "intq": {
        "axis": null,
        "offsets": [],
        "scales": []
      },
      "is_param": true,
      "mpool_id": 1,
      "name": "conv1d_conv2d_weights_array",
      "nbits": 32,
      "offset_start": 0,
      "qmn": {},
      "shape": [
        16,
        3,
        1,
        3
      ],
      "shape_map": [
        "CH",
        "H",
        "W",
        "CH_IN"
      ],
      "size_bytes": 576
    },
    {
      "alignment": 4,
      "batch": 0,
      "channel_first": false,
      "channel_last": true,
      "epochs": {
        "end": 8,
        "start": 5
      },
      "flags": "STAI_FLAG_ACTIVATIONS|STAI_FLAG_PREALLOCATED",
      "format": "STAI_FORMAT_FLOAT",
      "id": 82,
      "intq": {
        "axis": null,
        "offsets": [],
        "scales": []
      },
      "is_param": false,
      "mpool_id": 0,
      "name": "conv1d_output_array",
      "nbits": 32,
      "offset_start": 32,
      "qmn": {},
      "shape": [
        24,
        16
      ],
      "shape_map": [
        "H",
        "CH"
      ],
      "size_bytes": 1536
    },
    {
      "alignment": 4,
      "batch": 0,
      "channel_first": true,
      "channel_last": true,
      "epochs": {
        "end": 1,
        "start": 0
      },
      "flags": "STAI_FLAG_WEIGHTS|STAI_FLAG_CONST|STAI_FLAG_PREALLOCATED",
      "format": "STAI_FORMAT_FLOAT",
      "id": 117,
      "intq": {
        "axis": null,
        "offsets": [],
        "scales": []
      },
      "is_param": true,
      "mpool_id": 1,
      "name": "dense_1_dense_bias_array",
      "nbits": 32,
      "offset_start": 48288,
      "qmn": {},
      "shape": [
        3
      ],
      "shape_map": [
        "CH"
      ],
      "size_bytes": 12
    },
    {
      "alignment": 4,
      "batch": 0,
      "channel_first": true,
      "channel_last": true,
      "epochs": {
        "end": 18,
        "start": 15
      },
      "flags": "STAI_FLAG_ACTIVATIONS|STAI_FLAG_PREALLOCATED",
      "format": "STAI_FORMAT_FLOAT",
      "id": 92,
      "intq": {
        "axis": null,
        "offsets": [],
        "scales": []
      },
      "is_param": false,
      "mpool_id": 0,
      "name": "dense_1_dense_output_array",
      "nbits": 32,
      "offset_start": 0,
      "qmn": {},
      "shape": [
        3
      ],
      "shape_map": [
        "CH"
      ],
      "size_bytes": 12
    },
    {
      "alignment": 4,
      "batch": 0,
      "channel_first": true,
      "channel_last": true,
      "epochs": {
        "end": 1,
        "start": 0
      },
      "flags": "STAI_FLAG_WEIGHTS|STAI_FLAG_CONST|STAI_FLAG_PREALLOCATED",
      "format": "STAI_FORMAT_FLOAT",
      "id": 114,
      "intq": {
        "axis": null,
        "offsets": [],
        "scales": []
      },
      "is_param": true,
      "mpool_id": 1,
      "name": "dense_1_dense_weights_array",
      "nbits": 32,
      "offset_start": 47520,
      "qmn": {},
      "shape": [
        3,
        64
      ],
      "shape_map": [
        "CH",
        "CH_IN"
      ],
      "size_bytes": 768
    },
    {
      "alignment": 4,
      "batch": 0,
      "channel_first": true,
      "channel_last": true,
      "epochs": {
        "end": 19,
        "start": 17
      },
      "flags": "STAI_FLAG_OUTPUTS|STAI_FLAG_ACTIVATIONS|STAI_FLAG_PREALLOCATED",
      "format": "STAI_FORMAT_FLOAT",
      "id": 94,
      "intq": {
        "axis": null,
        "offsets": [],
        "scales": []
      },
      "is_param": false,
      "mpool_id": 0,
      "name": "dense_1_output_array",
      "nbits": 32,
      "offset_start": 12,
      "qmn": {},
      "shape": [
        3
      ],
      "shape_map": [
        "CH"
      ],
      "size_bytes": 12
    },
    {
      "alignment": 4,
      "batch": 0,
      "channel_first": true,
      "channel_last": true,
      "epochs": {
        "end": 1,
        "start": 0
      },
      "flags": "STAI_FLAG_WEIGHTS|STAI_FLAG_CONST|STAI_FLAG_PREALLOCATED",
      "format": "STAI_FORMAT_FLOAT",
      "id": 111,
      "intq": {
        "axis": null,
        "offsets": [],
        "scales": []
      },
      "is_param": true,
      "mpool_id": 1,
      "name": "dense_dense_bias_array",
      "nbits": 32,
      "offset_start": 47264,
      "qmn": {},
      "shape": [
        64
      ],
      "shape_map": [
        "CH"
      ],
      "size_bytes": 256
    },
    {
      "alignment": 4,
      "batch": 0,
      "channel_first": true,
      "channel_last": true,
      "epochs": {
        "end": 14,
        "start": 11
      },
      "flags": "STAI_FLAG_ACTIVATIONS|STAI_FLAG_PREALLOCATED",
      "format": "STAI_FORMAT_FLOAT",
      "id": 88,
      "intq": {
        "axis": null,
        "offsets": [],
        "scales": []
      },
      "is_param": false,
      "mpool_id": 0,
      "name": "dense_dense_output_array",
      "nbits": 32,
      "offset_start": 0,
      "qmn": {},
      "shape": [
        64
      ],
      "shape_map": [
        "CH"
      ],
      "size_bytes": 256
    },
    {
      "alignment": 4,
      "batch": 0,
      "channel_first": true,
      "channel_last": true,
      "epochs": {
        "end": 1,
        "start": 0
      },
      "flags": "STAI_FLAG_WEIGHTS|STAI_FLAG_CONST|STAI_FLAG_PREALLOCATED",
      "format": "STAI_FORMAT_FLOAT",
      "id": 108,
      "intq": {
        "axis": null,
        "offsets": [],
        "scales": []
      },
      "is_param": true,
      "mpool_id": 1,
      "name": "dense_dense_weights_array",
      "nbits": 32,
      "offset_start": 2208,
      "qmn": {},
      "shape": [
        64,
        176
      ],
      "shape_map": [
        "CH",
        "CH_IN"
      ],
      "size_bytes": 45056
    },
    {
      "alignment": 4,
      "batch": 0,
      "channel_first": true,
      "channel_last": true,
      "epochs": {
        "end": 16,
        "start": 13
      },
      "flags": "STAI_FLAG_ACTIVATIONS|STAI_FLAG_PREALLOCATED",
      "format": "STAI_FORMAT_FLOAT",
      "id": 90,
      "intq": {
        "axis": null,
        "offsets": [],
        "scales": []
      },
      "is_param": false,
      "mpool_id": 0,
      "name": "dense_output_array",
      "nbits": 32,
      "offset_start": 256,
      "qmn": {},
      "shape": [
        64
      ],
      "shape_map": [
        "CH"
      ],
      "size_bytes": 256
    },
    {
      "alignment": 4,
      "batch": 0,
      "channel_first": false,
      "channel_last": true,
      "epochs": {
        "end": 4,
        "start": 2
      },
      "flags": "STAI_FLAG_INPUTS|STAI_FLAG_ACTIVATIONS|STAI_FLAG_PREALLOCATED",
      "format": "STAI_FORMAT_FLOAT",
      "id": 78,
      "intq": {
        "axis": null,
        "offsets": [],
        "scales": []
      },
      "is_param": false,
      "mpool_id": 0,
      "name": "input_0_output_array",
      "nbits": 32,
      "offset_start": 1396,
      "qmn": {},
      "shape": [
        26,
        3
      ],
      "shape_map": [
        "H",
        "CH"
      ],
      "size_bytes": 312
    }
  ],
  "environment": {
    "device": null,
    "generated_model": {
      "generated_time": "Tue Jun  4 00:00:41 2024",
      "model_files": [
        {
          "name": "network_data_params.h",
          "signature": "0xb953b5e377d6991068f5cc8dbd3a88a7"
        },
        {
          "name": "network_data_params.c",
          "signature": "0xd851df5787102a2709c5b689de3f605c"
        },
        {
          "name": "network_data.h",
          "signature": "0x3182cfa226e2ea1bb6b9a71e0d922a9d"
        },
        {
          "name": "network_data.c",
          "signature": "0x93b993bde1fdfad5572d5efa2876dd34"
        },
        {
          "name": "network_config.h",
          "signature": "0xe00df7eb0557eaa035d337ba7aa9d7bd"
        },
        {
          "name": "network.h",
          "signature": "0x2d0d821a7987e30013b48d2aaf7548a6"
        },
        {
          "name": "network.c",
          "signature": "0x67ef5c7b41aa342cd8936579ed8ab8a7"
        }
      ],
      "n_params": null,
      "name": "network",
      "size": null,
      "type": null
    },
    "network_signature": "0x5911078f399bc741",
    "test_name": "",
    "tools": [
      {
        "arguments": "generate --target stm32l4 --name network -m C:/Users/joynu/STM32CubeIDE/workspace_1.15.1/Embedded_System_Final_Project/model_0603.h5 --compression none --verbosity 1 --allocate-inputs --allocate-outputs --workspace C:/Users/joynu/AppData/Local/Temp/mxAI_workspace5386409208423002463155775050212434 --output C:/Users/joynu/.stm32cubemx/network_output",
        "environment": [
          "STATS_TYPE=X-CUBE-AI"
        ],
        "input_model": {
          "generated_time": null,
          "model_files": [
            {
              "name": "model_0603.h5",
              "signature": "0x499c1d366749601ab0ca820843c46f31"
            }
          ],
          "n_params": 12075,
          "name": "model_0603",
          "size": 48300,
          "type": "keras"
        },
        "name": "ST.EdgeAI.Core",
        "version": "9.0.0-19802"
      }
    ]
  },
  "graphs": [
    {
      "edges": [
        {
          "attributes": null,
          "buffer": 80,
          "edge_kind": 3,
          "end": {
            "node_id": 10,
            "port": 0
          },
          "id": 0,
          "name": "n9-p0_n10-p0",
          "start": {
            "node_id": 9,
            "port": 0
          }
        },
        {
          "attributes": null,
          "buffer": 82,
          "edge_kind": 3,
          "end": {
            "node_id": 11,
            "port": 0
          },
          "id": 1,
          "name": "n10-p0_n11-p0",
          "start": {
            "node_id": 10,
            "port": 0
          }
        },
        {
          "attributes": null,
          "buffer": 84,
          "edge_kind": 3,
          "end": {
            "node_id": 12,
            "port": 0
          },
          "id": 2,
          "name": "n11-p0_n12-p0",
          "start": {
            "node_id": 11,
            "port": 0
          }
        },
        {
          "attributes": null,
          "buffer": 86,
          "edge_kind": 3,
          "end": {
            "node_id": 13,
            "port": 0
          },
          "id": 3,
          "name": "n12-p0_n13-p0",
          "start": {
            "node_id": 12,
            "port": 0
          }
        },
        {
          "attributes": null,
          "buffer": 88,
          "edge_kind": 3,
          "end": {
            "node_id": 14,
            "port": 0
          },
          "id": 4,
          "name": "n13-p0_n14-p0",
          "start": {
            "node_id": 13,
            "port": 0
          }
        },
        {
          "attributes": null,
          "buffer": 90,
          "edge_kind": 3,
          "end": {
            "node_id": 15,
            "port": 0
          },
          "id": 5,
          "name": "n14-p0_n15-p0",
          "start": {
            "node_id": 14,
            "port": 0
          }
        },
        {
          "attributes": null,
          "buffer": 92,
          "edge_kind": 3,
          "end": {
            "node_id": 16,
            "port": 0
          },
          "id": 6,
          "name": "n15-p0_n16-p0",
          "start": {
            "node_id": 15,
            "port": 0
          }
        },
        {
          "attributes": null,
          "buffer": 94,
          "edge_kind": 3,
          "end": {
            "node_id": 17,
            "port": 0
          },
          "id": 7,
          "name": "n16-p0_n17-p0",
          "start": {
            "node_id": 16,
            "port": 0
          }
        }
      ],
      "exec_time": {
        "counters": [],
        "cycles": null,
        "cycles_by_macc": null,
        "duration_ms": null,
        "percentage": null
      },
      "id": 0,
      "inputs": [
        78
      ],
      "name": "model_0603",
      "nodes": [
        {
          "attributes": {
            "dilation": "{H: 1, W: 1}",
            "filter_size": "(3,)",
            "groups": "1",
            "is_depthwise": "False",
            "is_grouped_conv": "False",
            "num_filters": "16",
            "pad": "{H: (0, 0), W: (0, 0)}",
            "pad_value": "0",
            "stride": "(1,)",
            "use_bias": "True"
          },
          "description": "Conv2D",
          "exec_time": {
            "counters": [],
            "cycles": null,
            "cycles_by_macc": null,
            "duration_ms": null,
            "percentage": null
          },
          "id": 9,
          "inputs": [
            78,
            96,
            99
          ],
          "macc": 3472,
          "mapping": "NODE_SW",
          "name": "conv1d_conv2d",
          "original_nodes": [
            "0"
          ],
          "outputs": [
            80
          ],
          "scratchs": [],
          "subgraph_nodes": [],
          "sw_functions": [
            "forward_conv2d_if32of32wf32"
          ]
        },
        {
          "attributes": {
            "nonlinearity": "relu"
          },
          "description": "Nonlinearity",
          "exec_time": {
            "counters": [],
            "cycles": null,
            "cycles_by_macc": null,
            "duration_ms": null,
            "percentage": null
          },
          "id": 10,
          "inputs": [
            80
          ],
          "macc": 384,
          "mapping": "NODE_SW",
          "name": "conv1d",
          "original_nodes": [
            "0"
          ],
          "outputs": [
            82
          ],
          "scratchs": [],
          "subgraph_nodes": [],
          "sw_functions": [
            "forward_relu"
          ]
        },
        {
          "attributes": {
            "dilation": "{H: 1, W: 1}",
            "filter_size": "(3,)",
            "groups": "1",
            "is_depthwise": "False",
            "is_grouped_conv": "False",
            "num_filters": "8",
            "pad": "{H: (0, 0), W: (0, 0)}",
            "pad_value": "0",
            "stride": "(1,)",
            "use_bias": "True"
          },
          "description": "Conv2D",
          "exec_time": {
            "counters": [],
            "cycles": null,
            "cycles_by_macc": null,
            "duration_ms": null,
            "percentage": null
          },
          "id": 11,
          "inputs": [
            82,
            102,
            105
          ],
          "macc": 8456,
          "mapping": "NODE_SW",
          "name": "conv1d_1_conv2d",
          "original_nodes": [
            "1"
          ],
          "outputs": [
            84
          ],
          "scratchs": [],
          "subgraph_nodes": [],
          "sw_functions": [
            "forward_conv2d_if32of32wf32"
          ]
        },
        {
          "attributes": {
            "nonlinearity": "relu"
          },
          "description": "Nonlinearity",
          "exec_time": {
            "counters": [],
            "cycles": null,
            "cycles_by_macc": null,
            "duration_ms": null,
            "percentage": null
          },
          "id": 12,
          "inputs": [
            84
          ],
          "macc": 176,
          "mapping": "NODE_SW",
          "name": "conv1d_1",
          "original_nodes": [
            "1"
          ],
          "outputs": [
            86
          ],
          "scratchs": [],
          "subgraph_nodes": [],
          "sw_functions": [
            "forward_relu"
          ]
        },
        {
          "attributes": {
            "num_units": "64",
            "use_bias": "True"
          },
          "description": "Dense",
          "exec_time": {
            "counters": [],
            "cycles": null,
            "cycles_by_macc": null,
            "duration_ms": null,
            "percentage": null
          },
          "id": 13,
          "inputs": [
            86,
            108,
            111
          ],
          "macc": 11328,
          "mapping": "NODE_SW",
          "name": "dense_dense",
          "original_nodes": [
            "4"
          ],
          "outputs": [
            88
          ],
          "scratchs": [],
          "subgraph_nodes": [],
          "sw_functions": [
            "forward_dense"
          ]
        },
        {
          "attributes": {
            "nonlinearity": "relu"
          },
          "description": "Nonlinearity",
          "exec_time": {
            "counters": [],
            "cycles": null,
            "cycles_by_macc": null,
            "duration_ms": null,
            "percentage": null
          },
          "id": 14,
          "inputs": [
            88
          ],
          "macc": 64,
          "mapping": "NODE_SW",
          "name": "dense",
          "original_nodes": [
            "4"
          ],
          "outputs": [
            90
          ],
          "scratchs": [],
          "subgraph_nodes": [],
          "sw_functions": [
            "forward_relu"
          ]
        },
        {
          "attributes": {
            "num_units": "3",
            "use_bias": "True"
          },
          "description": "Dense",
          "exec_time": {
            "counters": [],
            "cycles": null,
            "cycles_by_macc": null,
            "duration_ms": null,
            "percentage": null
          },
          "id": 15,
          "inputs": [
            90,
            114,
            117
          ],
          "macc": 195,
          "mapping": "NODE_SW",
          "name": "dense_1_dense",
          "original_nodes": [
            "5"
          ],
          "outputs": [
            92
          ],
          "scratchs": [],
          "subgraph_nodes": [],
          "sw_functions": [
            "forward_dense"
          ]
        },
        {
          "attributes": {
            "axis": "CH",
            "nonlinearity": "softmax",
            "orig_axis": "-1"
          },
          "description": "Nonlinearity",
          "exec_time": {
            "counters": [],
            "cycles": null,
            "cycles_by_macc": null,
            "duration_ms": null,
            "percentage": null
          },
          "id": 16,
          "inputs": [
            92
          ],
          "macc": 45,
          "mapping": "NODE_SW",
          "name": "dense_1",
          "original_nodes": [
            "5"
          ],
          "outputs": [
            94
          ],
          "scratchs": [],
          "subgraph_nodes": [],
          "sw_functions": [
            "forward_sm"
          ]
        }
      ],
      "outputs": [
        94
      ]
    }
  ],
  "json_schema_version": "2.0",
  "memory_accesses": [],
  "memory_footprint": {
    "activations": 1708,
    "io": [
      0,
      0
    ],
    "kernel_flash": null,
    "kernel_ram": null,
    "series": "generic",
    "toolchain": null,
    "toolchain_flash": null,
    "toolchain_ram": null,
    "weights": 48300
  },
  "memory_pools": [
    {
      "address": "NULL",
      "alignment": 4,
      "attributes": {
        "latency": "HIGH",
        "score": 768,
        "throughput": "LOW"
      },
      "buffers": [
        78,
        80,
        82,
        84,
        86,
        88,
        90,
        92,
        94
      ],
      "cacheable": null,
      "id": 0,
      "name": "heap_overlay_pool",
      "offset_start": 0,
      "pipelined": null,
      "rights": "ACC_WRITE",
      "size_bytes": -1,
      "subpools": [],
      "used_size_bytes": 1708,
      "user_allocated": false,
      "virtual": false
    },
    {
      "address": "NULL",
      "alignment": 0,
      "attributes": {
        "latency": "UNDEF",
        "score": 0,
        "throughput": "UNDEF"
      },
      "buffers": [
        96,
        99,
        102,
        105,
        108,
        111,
        114,
        117
      ],
      "cacheable": null,
      "id": 1,
      "name": "weights_array",
      "offset_start": 0,
      "pipelined": null,
      "rights": "ACC_READ",
      "size_bytes": -1,
      "subpools": [],
      "used_size_bytes": 48300,
      "user_allocated": false,
      "virtual": false
    }
  ],
  "power_estimates": [],
  "validation": {
    "val_error": null,
    "val_error_desc": null,
    "val_metrics": []
  }
}