{
    "activations": {
        "heap_overlay_pool": {
            "activation_alignment": 4,
            "buffer_data_size": 0,
            "buffer_offsets": [
                {
                    "buffer_name": "input_0_output_array",
                    "offset": 1396,
                    "size": 312
                },
                {
                    "buffer_name": "conv1d_conv2d_output_array",
                    "offset": 32,
                    "size": 1536
                },
                {
                    "buffer_name": "conv1d_output_array",
                    "offset": 32,
                    "size": 1536
                },
                {
                    "buffer_name": "conv1d_1_conv2d_output_array",
                    "offset": 0,
                    "size": 704
                },
                {
                    "buffer_name": "conv1d_1_output_array",
                    "offset": 704,
                    "size": 704
                },
                {
                    "buffer_name": "dense_dense_output_array",
                    "offset": 0,
                    "size": 256
                },
                {
                    "buffer_name": "dense_output_array",
                    "offset": 256,
                    "size": 256
                },
                {
                    "buffer_name": "dense_1_dense_output_array",
                    "offset": 0,
                    "size": 12
                },
                {
                    "buffer_name": "dense_1_output_array",
                    "offset": 12,
                    "size": 12
                }
            ],
            "data_alignment": 4,
            "pool_id": 0,
            "pool_size": -1,
            "used_size": 1708
        }
    },
    "activations_alignment": 4,
    "arguments": "generate --target stm32l4 --name network -m C:/Users/joynu/STM32CubeIDE/workspace_1.15.1/Embedded_System_Final_Project/model_0603.h5 --compression none --verbosity 1 --allocate-inputs --allocate-outputs --workspace C:/Users/joynu/AppData/Local/Temp/mxAI_workspace5386409208423002463155775050212434 --output C:/Users/joynu/.stm32cubemx/network_output",
    "c_activations_count": 1,
    "c_arrays": [
        {
            "c_bits": 32,
            "c_id": 0,
            "c_mem_pool": "weights",
            "c_size_in_byte": 32,
            "c_type": "const float",
            "format": "float",
            "is_const": true,
            "mem_pool": "weights",
            "n_items": 8,
            "name": "conv1d_1_conv2d_bias_array",
            "offset": 2176,
            "scale": [],
            "size": 8,
            "tensors": [
                {
                    "name": "conv1d_1_conv2d_bias",
                    "shape": [
                        8
                    ]
                }
            ],
            "zeropoint": [],
            "zeros": 0
        },
        {
            "c_bits": 32,
            "c_id": 1,
            "c_mem_pool": "**default**",
            "c_size_in_byte": 704,
            "c_type": "float",
            "format": "float",
            "is_const": false,
            "mem_pool": "activations",
            "n_items": 176,
            "name": "conv1d_1_conv2d_output_array",
            "offset": 0,
            "scale": [],
            "size": 176,
            "tensors": [
                {
                    "name": "conv1d_1_conv2d_output",
                    "shape": [
                        22,
                        8
                    ]
                }
            ],
            "zeropoint": []
        },
        {
            "c_bits": 32,
            "c_id": 2,
            "c_mem_pool": "weights",
            "c_size_in_byte": 1536,
            "c_type": "const float",
            "format": "float",
            "is_const": true,
            "mem_pool": "weights",
            "n_items": 384,
            "name": "conv1d_1_conv2d_weights_array",
            "offset": 640,
            "scale": [],
            "size": 384,
            "tensors": [
                {
                    "name": "conv1d_1_conv2d_weights",
                    "shape": [
                        8,
                        3,
                        1,
                        16
                    ]
                }
            ],
            "zeropoint": [],
            "zeros": 0
        },
        {
            "c_bits": 32,
            "c_id": 3,
            "c_mem_pool": "**default**",
            "c_size_in_byte": 704,
            "c_type": "float",
            "format": "float",
            "is_const": false,
            "mem_pool": "activations",
            "n_items": 176,
            "name": "conv1d_1_output_array",
            "offset": 704,
            "scale": [],
            "size": 176,
            "tensors": [
                {
                    "name": "conv1d_1_output",
                    "shape": [
                        22,
                        8
                    ]
                }
            ],
            "zeropoint": []
        },
        {
            "c_bits": 32,
            "c_id": 4,
            "c_mem_pool": "weights",
            "c_size_in_byte": 64,
            "c_type": "const float",
            "format": "float",
            "is_const": true,
            "mem_pool": "weights",
            "n_items": 16,
            "name": "conv1d_conv2d_bias_array",
            "offset": 576,
            "scale": [],
            "size": 16,
            "tensors": [
                {
                    "name": "conv1d_conv2d_bias",
                    "shape": [
                        16
                    ]
                }
            ],
            "zeropoint": [],
            "zeros": 0
        },
        {
            "c_bits": 32,
            "c_id": 5,
            "c_mem_pool": "**default**",
            "c_size_in_byte": 1536,
            "c_type": "float",
            "format": "float",
            "is_const": false,
            "mem_pool": "activations",
            "n_items": 384,
            "name": "conv1d_conv2d_output_array",
            "offset": 32,
            "scale": [],
            "size": 384,
            "tensors": [
                {
                    "name": "conv1d_conv2d_output",
                    "shape": [
                        24,
                        16
                    ]
                }
            ],
            "zeropoint": []
        },
        {
            "c_bits": 32,
            "c_id": 6,
            "c_mem_pool": "weights",
            "c_size_in_byte": 576,
            "c_type": "const float",
            "format": "float",
            "is_const": true,
            "mem_pool": "weights",
            "n_items": 144,
            "name": "conv1d_conv2d_weights_array",
            "offset": 0,
            "scale": [],
            "size": 144,
            "tensors": [
                {
                    "name": "conv1d_conv2d_weights",
                    "shape": [
                        16,
                        3,
                        1,
                        3
                    ]
                }
            ],
            "zeropoint": [],
            "zeros": 0
        },
        {
            "c_bits": 32,
            "c_id": 7,
            "c_mem_pool": "**default**",
            "c_size_in_byte": 1536,
            "c_type": "float",
            "format": "float",
            "is_const": false,
            "mem_pool": "activations",
            "n_items": 384,
            "name": "conv1d_output_array",
            "offset": 32,
            "scale": [],
            "size": 384,
            "tensors": [
                {
                    "name": "conv1d_output",
                    "shape": [
                        24,
                        16
                    ]
                }
            ],
            "zeropoint": []
        },
        {
            "c_bits": 32,
            "c_id": 8,
            "c_mem_pool": "weights",
            "c_size_in_byte": 12,
            "c_type": "const float",
            "format": "float",
            "is_const": true,
            "mem_pool": "weights",
            "n_items": 3,
            "name": "dense_1_dense_bias_array",
            "offset": 48288,
            "scale": [],
            "size": 3,
            "tensors": [
                {
                    "name": "dense_1_dense_bias",
                    "shape": [
                        3
                    ]
                }
            ],
            "zeropoint": [],
            "zeros": 0
        },
        {
            "c_bits": 32,
            "c_id": 9,
            "c_mem_pool": "**default**",
            "c_size_in_byte": 12,
            "c_type": "float",
            "format": "float",
            "is_const": false,
            "mem_pool": "activations",
            "n_items": 3,
            "name": "dense_1_dense_output_array",
            "offset": 0,
            "scale": [],
            "size": 3,
            "tensors": [
                {
                    "name": "dense_1_dense_output",
                    "shape": [
                        3
                    ]
                }
            ],
            "zeropoint": []
        },
        {
            "c_bits": 32,
            "c_id": 10,
            "c_mem_pool": "weights",
            "c_size_in_byte": 768,
            "c_type": "const float",
            "format": "float",
            "is_const": true,
            "mem_pool": "weights",
            "n_items": 192,
            "name": "dense_1_dense_weights_array",
            "offset": 47520,
            "scale": [],
            "size": 192,
            "tensors": [
                {
                    "name": "dense_1_dense_weights",
                    "shape": [
                        3,
                        64
                    ]
                }
            ],
            "zeropoint": [],
            "zeros": 0
        },
        {
            "c_bits": 32,
            "c_id": 11,
            "c_mem_pool": "**default**",
            "c_size_in_byte": 12,
            "c_type": "float",
            "format": "float",
            "io_type": "output",
            "is_const": false,
            "mem_pool": "activations",
            "n_items": 3,
            "name": "dense_1_output_array",
            "offset": 12,
            "scale": [],
            "size": 3,
            "tensors": [
                {
                    "name": "dense_1_output",
                    "shape": [
                        3
                    ]
                }
            ],
            "zeropoint": []
        },
        {
            "c_bits": 32,
            "c_id": 12,
            "c_mem_pool": "weights",
            "c_size_in_byte": 256,
            "c_type": "const float",
            "format": "float",
            "is_const": true,
            "mem_pool": "weights",
            "n_items": 64,
            "name": "dense_dense_bias_array",
            "offset": 47264,
            "scale": [],
            "size": 64,
            "tensors": [
                {
                    "name": "dense_dense_bias",
                    "shape": [
                        64
                    ]
                }
            ],
            "zeropoint": [],
            "zeros": 0
        },
        {
            "c_bits": 32,
            "c_id": 13,
            "c_mem_pool": "**default**",
            "c_size_in_byte": 256,
            "c_type": "float",
            "format": "float",
            "is_const": false,
            "mem_pool": "activations",
            "n_items": 64,
            "name": "dense_dense_output_array",
            "offset": 0,
            "scale": [],
            "size": 64,
            "tensors": [
                {
                    "name": "dense_dense_output",
                    "shape": [
                        64
                    ]
                }
            ],
            "zeropoint": []
        },
        {
            "c_bits": 32,
            "c_id": 14,
            "c_mem_pool": "weights",
            "c_size_in_byte": 45056,
            "c_type": "const float",
            "format": "float",
            "is_const": true,
            "mem_pool": "weights",
            "n_items": 11264,
            "name": "dense_dense_weights_array",
            "offset": 2208,
            "scale": [],
            "size": 11264,
            "tensors": [
                {
                    "name": "dense_dense_weights",
                    "shape": [
                        64,
                        176
                    ]
                }
            ],
            "zeropoint": [],
            "zeros": 0
        },
        {
            "c_bits": 32,
            "c_id": 15,
            "c_mem_pool": "**default**",
            "c_size_in_byte": 256,
            "c_type": "float",
            "format": "float",
            "is_const": false,
            "mem_pool": "activations",
            "n_items": 64,
            "name": "dense_output_array",
            "offset": 256,
            "scale": [],
            "size": 64,
            "tensors": [
                {
                    "name": "dense_output",
                    "shape": [
                        64
                    ]
                }
            ],
            "zeropoint": []
        },
        {
            "c_bits": 32,
            "c_id": 16,
            "c_mem_pool": "**default**",
            "c_size_in_byte": 312,
            "c_type": "float",
            "format": "float",
            "io_type": "input",
            "is_const": false,
            "mem_pool": "activations",
            "n_items": 78,
            "name": "input_0_output_array",
            "offset": 1396,
            "scale": [],
            "size": 78,
            "tensors": [
                {
                    "name": "input_0_output",
                    "shape": [
                        26,
                        3
                    ]
                }
            ],
            "zeropoint": []
        }
    ],
    "c_arrays_n": 17,
    "c_layers": [
        {
            "c_forward": [
                "forward_conv2d_if32of32wf32"
            ],
            "c_id": 0,
            "is_wrapped": "",
            "layer_type": "Conv2D",
            "m_id": 0,
            "macc": 3472,
            "name": "conv1d_conv2d",
            "op_by_type": {
                "smul_f32_f32": 3472
            },
            "rom": 640,
            "tensors": {
                "inputs": [
                    "input_0_output"
                ],
                "outputs": [
                    "conv1d_conv2d_output"
                ],
                "scratchs": [],
                "weights": [
                    "conv1d_conv2d_weights",
                    "conv1d_conv2d_bias"
                ]
            },
            "weight_sparsity": [
                0.0,
                160,
                0
            ]
        },
        {
            "c_forward": [
                "forward_relu"
            ],
            "c_id": 1,
            "is_wrapped": "",
            "layer_type": "Nonlinearity",
            "m_id": 0,
            "macc": 384,
            "name": "conv1d",
            "op_by_type": {
                "op_f32_f32": 384
            },
            "rom": 0,
            "tensors": {
                "inputs": [
                    "conv1d_conv2d_output"
                ],
                "outputs": [
                    "conv1d_output"
                ],
                "scratchs": [],
                "weights": []
            },
            "weight_sparsity": [
                0.0,
                1,
                0
            ]
        },
        {
            "c_forward": [
                "forward_conv2d_if32of32wf32"
            ],
            "c_id": 2,
            "is_wrapped": "",
            "layer_type": "Conv2D",
            "m_id": 1,
            "macc": 8456,
            "name": "conv1d_1_conv2d",
            "op_by_type": {
                "smul_f32_f32": 8456
            },
            "rom": 1568,
            "tensors": {
                "inputs": [
                    "conv1d_output"
                ],
                "outputs": [
                    "conv1d_1_conv2d_output"
                ],
                "scratchs": [],
                "weights": [
                    "conv1d_1_conv2d_weights",
                    "conv1d_1_conv2d_bias"
                ]
            },
            "weight_sparsity": [
                0.0,
                392,
                0
            ]
        },
        {
            "c_forward": [
                "forward_relu"
            ],
            "c_id": 3,
            "is_wrapped": "",
            "layer_type": "Nonlinearity",
            "m_id": 1,
            "macc": 176,
            "name": "conv1d_1",
            "op_by_type": {
                "op_f32_f32": 176
            },
            "rom": 0,
            "tensors": {
                "inputs": [
                    "conv1d_1_conv2d_output"
                ],
                "outputs": [
                    "conv1d_1_output"
                ],
                "scratchs": [],
                "weights": []
            },
            "weight_sparsity": [
                0.0,
                1,
                0
            ]
        },
        {
            "c_forward": [
                "forward_dense"
            ],
            "c_id": 4,
            "is_wrapped": "",
            "layer_type": "Dense",
            "m_id": 4,
            "macc": 11328,
            "name": "dense_dense",
            "op_by_type": {
                "smul_f32_f32": 11328
            },
            "rom": 45312,
            "tensors": {
                "inputs": [
                    "conv1d_1_output"
                ],
                "outputs": [
                    "dense_dense_output"
                ],
                "scratchs": [],
                "weights": [
                    "dense_dense_weights",
                    "dense_dense_bias"
                ]
            },
            "weight_sparsity": [
                0.0,
                11328,
                0
            ]
        },
        {
            "c_forward": [
                "forward_relu"
            ],
            "c_id": 5,
            "is_wrapped": "",
            "layer_type": "Nonlinearity",
            "m_id": 4,
            "macc": 64,
            "name": "dense",
            "op_by_type": {
                "op_f32_f32": 64
            },
            "rom": 0,
            "tensors": {
                "inputs": [
                    "dense_dense_output"
                ],
                "outputs": [
                    "dense_output"
                ],
                "scratchs": [],
                "weights": []
            },
            "weight_sparsity": [
                0.0,
                1,
                0
            ]
        },
        {
            "c_forward": [
                "forward_dense"
            ],
            "c_id": 6,
            "is_wrapped": "",
            "layer_type": "Dense",
            "m_id": 5,
            "macc": 195,
            "name": "dense_1_dense",
            "op_by_type": {
                "smul_f32_f32": 195
            },
            "rom": 780,
            "tensors": {
                "inputs": [
                    "dense_output"
                ],
                "outputs": [
                    "dense_1_dense_output"
                ],
                "scratchs": [],
                "weights": [
                    "dense_1_dense_weights",
                    "dense_1_dense_bias"
                ]
            },
            "weight_sparsity": [
                0.0,
                195,
                0
            ]
        },
        {
            "c_forward": [
                "forward_sm"
            ],
            "c_id": 7,
            "is_wrapped": "",
            "layer_type": "Nonlinearity",
            "m_id": 5,
            "macc": 45,
            "name": "dense_1",
            "op_by_type": {
                "op_f32_f32": 45
            },
            "rom": 0,
            "tensors": {
                "inputs": [
                    "dense_1_dense_output"
                ],
                "outputs": [
                    "dense_1_output"
                ],
                "scratchs": [],
                "weights": []
            },
            "weight_sparsity": [
                0.0,
                1,
                0
            ]
        }
    ],
    "c_name": "network",
    "c_nodes_n": 8,
    "c_weights_count": 1,
    "c_weights_header": 0,
    "compilation_options": {
        "compression": "none",
        "optimization": "balanced",
        "options": [
            "allocate-inputs",
            "allocate-outputs"
        ]
    },
    "data_alignment": 4,
    "date_time": "Tue Jun  4 00:00:41 2024",
    "inputs": [
        "input_0_output"
    ],
    "macc": 24120,
    "memory_footprint": {
        "activations": 1708,
        "io": [
            0,
            0
        ],
        "series": "generic",
        "weights": 48300
    },
    "memory_pools": [],
    "model_fmt": "float",
    "model_name": "model_0603",
    "model_signature": "0x499c1d366749601ab0ca820843c46f31",
    "outputs": [
        "dense_1_output"
    ],
    "st_ai_version": "9.0.0-19802",
    "tool_version": "9.0.0-19802",
    "type": "keras",
    "version": "1.2",
    "weights": {
        "weights_array": {
            "buffer_data_size": 48300,
            "buffer_offsets": [
                {
                    "buffer_name": "conv1d_1_conv2d_bias_array",
                    "offset": 2176,
                    "size": 32
                },
                {
                    "buffer_name": "conv1d_1_conv2d_weights_array",
                    "offset": 640,
                    "size": 1536
                },
                {
                    "buffer_name": "conv1d_conv2d_bias_array",
                    "offset": 576,
                    "size": 64
                },
                {
                    "buffer_name": "conv1d_conv2d_weights_array",
                    "offset": 0,
                    "size": 576
                },
                {
                    "buffer_name": "dense_1_dense_bias_array",
                    "offset": 48288,
                    "size": 12
                },
                {
                    "buffer_name": "dense_1_dense_weights_array",
                    "offset": 47520,
                    "size": 768
                },
                {
                    "buffer_name": "dense_dense_bias_array",
                    "offset": 47264,
                    "size": 256
                },
                {
                    "buffer_name": "dense_dense_weights_array",
                    "offset": 2208,
                    "size": 45056
                }
            ],
            "pool_size": -1,
            "used_size": 48300
        }
    }
}